<?xml version='1.0' encoding='utf-8' standalone='yes' ?>
<map>
    <string name="swipe_symbol_behavior">Down</string>
    <string name="normal_mode_theme">AMOLEDBlack</string>
    <int name="pid" value="23617" />
    <boolean name="keep_keyboard_letters_uppercase" value="false" />
    <boolean name="show_voice_input_button" value="false" />
    <boolean name="expand_keypress_area" value="false" />
    <boolean name="first_run" value="false" />
    <string name="punctuation_position">Bottom</string>
    <boolean name="toolbar_num_row_on_password" value="true" />
    <boolean name="key_border" value="true" />
    <boolean name="inline_suggestions" value="false" />
    <boolean name="ignore_system_window_insets" value="false" />
    <string name="sound_on_keypress">FollowingSystem</string>
    <string name="expanded_candidate_style">Grid</string>
    <boolean name="clipboard_return_after_paste" value="false" />
    <string name="space_long_press_behavior">None</string>
    <boolean name="haptic_on_keyup" value="false" />
    <string name="lang_switch_key_behavior">Enumerate</string>
    <boolean name="haptic_on_repeat" value="false" />
    <boolean name="space_swipe_move_cursor" value="true" />
    <boolean name="show_lang_switch_key" value="true" />
    <boolean name="follow_system_dark_mode" value="false" />
    <boolean name="reset_keyboard_on_focus_change" value="true" />
    <boolean name="key_ripple_effect" value="false" />
    <string name="haptic_on_keypress">FollowingSystem</string>
    <boolean name="disable_animation" value="false" />
    <boolean name="need_notifications" value="true" />
    <boolean name="clipboard_mask_sensitive" value="true" />
    <boolean name="vivo_keypress_workaround" value="false" />
    <boolean name="expand_toolbar_by_default" value="true" />
    <string name="candidates_window_orientation">Automatic</string>
    <boolean name="clipboard_suggestion" value="true" />
    <boolean name="ignore_system_cursor" value="false" />
    <boolean name="popup_on_key_press" value="true" />
    <string name="show_candidates_window">InputDevice</string>
    <boolean name="hide_key_config" value="true" />
    <string name="navbar_background">Full</string>
    <boolean name="clipboard_enable" value="true" />
    <int name="clipboard_limit" value="5" />
    <string name="horizontal_candidate_style">AutoFillWidth</string>
</map>
